datno	setno	division	subdivision	calage	calspan	calsigI	calsigD	calsigC	calseqno	c14age	c14sig	c14addsig	c14mulsig	ReservoirAge	ReservoirSig	labid	Date_Modified
7214	20	1	0	13328.0	10	226	0	0.0	1	12210	50	0	1.00	430	100	CAMS-52119	2013-02-14
7215	20	1	0	13328.0	10	226	0	0.0	2	12130	40	0	1.00	430	100	CAMS-53659	2013-02-14
7216	20	1	0	13450.0	10	236	0	0.0	3	12320	30	0	1.00	430	100	NSRL-13965	2013-02-14
7217	20	1	0	13572.0	10	241	0	0.0	4	12530	55	0	1.00	430	100	NSRL-13053	2013-02-14
7218	20	1	0	13572.0	10	241	0	0.0	5	12200	35	0	1.00	430	100	NSRL-13966	2013-02-14
7219	20	1	0	13695.0	10	242	0	0.0	6	12470	35	0	1.00	430	100	NSRL-13967	2013-02-14
7220	20	1	0	13817.0	10	237	0	0.0	7	12590	55	0	1.00	430	100	NSRL-13054	2013-02-14
7221	20	1	0	13817.0	10	237	0	0.0	8	12475	30	0	1.00	430	100	NSRL-13968	2013-02-14
7222	20	1	0	13940.0	10	228	0	0.0	9	12635	30	0	1.00	430	200	NSRL-13969	2012-12-21
7223	20	1	0	14063.0	10	215	0	0.0	10	12800	65	0	1.00	430	200	NSRL-12274	2012-12-21
7224	20	1	0	14063.0	10	215	0	0.0	11	12710	30	0	1.00	430	200	NSRL-13970	2012-12-21
7225	20	1	0	14187.0	10	197	0	0.0	12	12775	25	0	1.00	430	200	NSRL-13971	2012-12-21
7226	20	1	0	14311.0	10	177	0	0.0	13	12700	55	0	1.00	430	200	NSRL-13055	2012-12-21
7227	20	1	0	14311.0	10	177	0	0.0	14	12800	30	0	1.00	430	200	NSRL-13972	2012-12-21
7228	20	1	0	14436.0	10	155	0	0.0	15	12890	100	0	1.00	430	200	CAMS-59349	2012-12-21
7229	20	1	0	14561.0	10	133	0	0.0	16	12840	40	0	1.00	430	200	CAMS-52120	2012-12-21
7230	20	1	0	14561.0	10	133	0	0.0	17	12980	40	0	1.00	430	200	CAMS-53660	2012-12-21
7231	20	1	0	14686.0	10	117	0	0.0	18	12885	25	0	1.00	430	200	UCIAMS-17584	2012-12-21
7232	20	1	0	14686.0	10	117	0	0.0	19	12890	40	0	1.00	430	200	CAMS-59350	2012-12-21
7233	20	1	0	14811.0	10	112	0	0.0	20	13030	40	0	1.00	430	200	CAMS-59351	2012-12-21
7234	20	1	0	14936.0	10	118	0	0.0	21	12985	25	0	1.00	430	200	UCIAMS-17585	2012-12-21
7235	20	1	0	14936.0	10	118	0	0.0	22	13090	40	0	1.00	430	200	CAMS-59352	2012-12-21
7236	20	1	0	15061.0	10	129	0	0.0	23	13055	25	0	1.00	430	200	UCIAMS-17586	2012-12-21
7237	20	1	0	15061.0	10	129	0	0.0	24	13160	40	0	1.00	430	200	CAMS-59353	2012-12-21
7238	20	1	0	15185.0	10	139	0	0.0	25	13320	60	0	1.00	430	200	CAMS-59354	2012-12-21
7239	20	1	0	15307.0	10	147	0	0.0	26	13260	40	0	1.00	430	200	CAMS-59355	2012-12-21
7240	20	1	0	15428.0	10	149	0	0.0	27	13350	40	0	1.00	430	200	CAMS-60321	2012-12-21
7241	20	1	0	15547.0	10	147	0	0.0	28	13380	40	0	1.00	430	200	CAMS-59356	2012-12-21
7242	20	1	0	15662.0	10	140	0	0.0	29	13510	40	0	1.00	430	200	CAMS-59357	2012-12-21
7243	20	1	0	15774.0	10	131	0	0.0	30	13460	40	0	1.00	430	200	CAMS-53785	2012-12-21
7244	20	1	0	15881.0	10	124	0	0.0	31	13465	35	0	1.00	430	200	UCIAMS-15432	2012-12-21
7245	20	1	0	15881.0	10	124	0	0.0	32	13500	25	0	1.00	430	200	UCIAMS-15404	2012-12-21
7246	20	1	0	15881.0	10	124	0	0.0	33	13700	60	0	1.00	430	200	NSRL-13056	2012-12-21
7247	20	1	0	15983.0	10	122	0	0.0	34	13440	40	0	1.00	430	200	UCIAMS-15433	2012-12-21
7248	20	1	0	15983.0	10	122	0	0.0	35	13510	40	0	1.00	430	200	CAMS-59358	2012-12-21
7249	20	1	0	15983.0	10	122	0	0.0	36	13555	25	0	1.00	430	200	UCIAMS-15405	2012-12-21
7276	20	1	0	17505.0	10	139	0	0.0	63	14400	70	0	1.00	430	200	NSRL-12275	2012-12-21
7277	20	1	0	17505.0	10	139	0	0.0	64	14660	30	0	1.00	430	200	UCIAMS-21420	2012-12-21
7278	20	1	0	17563.0	10	130	0	0.0	65	14635	25	0	1.00	430	200	UCIAMS-15419	2012-12-21
7279	20	1	0	17624.0	10	118	0	0.0	66	14580	25	0	1.00	430	200	UCIAMS-15420	2012-12-21
7280	20	1	0	17624.0	10	118	0	0.0	67	14750	85	0	1.00	430	200	NSRL-13066	2012-12-21
7281	20	1	0	17688.0	10	110	0	0.0	68	14545	30	0	1.00	430	200	UCIAMS-15421	2012-12-21
7282	20	1	0	17757.0	10	111	0	0.0	69	14785	25	0	1.00	430	200	UCIAMS-15422	2012-12-21
7283	20	1	0	17829.0	10	121	0	0.0	70	14750	40	0	1.00	430	200	CAMS-52121	2012-12-21
7284	20	1	0	17829.0	10	121	0	0.0	71	14905	30	0	1.00	430	200	UCIAMS-13794	2012-12-21
7285	20	1	0	17829.0	10	121	0	0.0	72	14990	60	0	1.00	430	200	CAMS-54468	2012-12-21
7286	20	1	0	17906.0	10	136	0	0.0	73	14920	35	0	1.00	430	200	UCIAMS-15423	2012-12-21
7287	20	1	0	17986.0	10	151	0	0.0	74	14960	30	0	1.00	430	200	UCIAMS-13024	2012-12-21
7288	20	1	0	17986.0	10	151	0	0.0	75	15060	45	0	1.00	430	200	UCIAMS-13069	2012-12-21
7290	20	1	0	18069.0	10	162	0	0.0	77	15555	25	0	1.00	430	200	UCIAMS-15424	2012-12-21
7291	20	1	0	18155.0	10	170	0	0.0	78	15490	30	0	1.00	430	200	UCIAMS-13070	2012-12-21
7292	20	1	0	18155.0	10	170	0	0.0	79	15605	30	0	1.00	430	200	UCIAMS-13025	2012-12-21
7293	20	1	0	18243.0	10	172	0	0.0	80	15630	30	0	1.00	430	200	UCIAMS-15429	2012-12-21
7294	20	1	0	18334.0	10	168	0	0.0	81	15200	75	0	1.00	430	200	NSRL-12276	2012-12-21
7295	20	1	0	18334.0	10	168	0	0.0	82	15370	30	0	1.00	430	200	UCIAMS-13795	2012-12-21
7296	20	1	0	18426.0	10	160	0	0.0	83	15290	30	0	1.00	430	200	UCIAMS-15430	2012-12-21
7297	20	1	0	18521.0	10	146	0	0.0	84	15695	25	0	1.00	430	200	UCIAMS-16934	2012-12-21
7298	20	1	0	18521.0	10	146	0	0.0	85	15800	95	0	1.00	430	200	NSRL-13070	2012-12-21
7299	20	1	0	18521.0	10	146	0	0.0	86	15615	40	0	1.00	430	200	UCIAMS-21421	2012-12-21
7300	20	1	0	18617.0	10	129	0	0.0	87	15740	30	0	1.00	430	200	UCIAMS-15431	2012-12-21
7301	20	1	0	18755.0	10	107	0	0.0	88	16020	50	0	1.00	430	200	CAMS-52770	2012-12-21
7302	20	1	0	18755.0	10	107	0	0.0	89	16080	40	0	1.00	430	200	CAMS-52122	2012-12-21
7303	20	1	0	18755.0	10	107	0	0.0	90	15950	50	0	1.00	430	200	CAMS-53788	2012-12-21
7304	20	1	0	18915.0	10	105	0	0.0	91	16150	70	0	1.00	430	200	NSRL-13071	2012-12-21
7305	20	1	0	18915.0	10	105	0	0.0	92	16175	30	0	1.00	430	200	UCIAMS-16935	2012-12-21
7306	20	1	0	19016.0	10	121	0	0.0	93	16400	25	0	1.00	430	200	UCIAMS-16936	2012-12-21
7307	20	1	0	19119.0	10	142	0	0.0	94	16370	25	0	1.00	430	200	UCIAMS-16937	2012-12-21
7308	20	1	0	19119.0	10	142	0	0.0	95	16500	95	0	1.00	430	200	NSRL-13072	2012-12-21
7309	20	1	0	19222.0	10	163	0	0.0	96	16490	30	0	1.00	430	200	UCIAMS-13796	2012-12-21
7310	20	1	0	19325.0	10	182	0	0.0	97	16400	40	0	1.00	430	200	UCIAMS-13071	2012-12-21
7311	20	1	0	19325.0	10	182	0	0.0	98	16620	35	0	1.00	430	200	UCIAMS-13026	2012-12-21
7312	20	1	0	19429.0	10	197	0	0.0	99	16680	40	0	1.00	430	200	UCIAMS-13797	2012-12-21
7313	20	1	0	19533.0	10	207	0	0.0	100	16800	90	0	1.00	430	200	NSRL-13073	2012-12-21
7314	20	1	0	19533.0	10	207	0	0.0	101	16845	25	0	1.00	430	200	UCIAMS-16938	2012-12-21
7315	20	1	0	19637.0	10	213	0	0.0	102	16700	35	0	1.00	430	200	UCIAMS-13798	2012-12-21
7316	20	1	0	19741.0	10	214	0	0.0	103	16770	50	0	1.00	430	200	CAMS-53789	2012-12-21
7317	20	1	0	19741.0	10	214	0	0.0	104	16810	50	0	1.00	430	200	CAMS-52771	2012-12-21
7318	20	1	0	19844.0	10	210	0	0.0	105	16890	30	0	1.00	430	200	UCIAMS-16939	2012-12-21
7319	20	1	0	19844.0	10	210	0	0.0	106	17000	90	0	1.00	430	200	NSRL-13074	2012-12-21
7320	20	1	0	19947.0	10	202	0	0.0	107	16960	35	0	1.00	430	200	UCIAMS-16534	2012-12-21
7321	20	1	0	20049.0	10	192	0	0.0	108	17070	25	0	1.00	430	200	UCIAMS-16940	2012-12-21
7322	20	1	0	20049.0	10	192	0	0.0	109	17150	85	0	1.00	430	200	NSRL-13075	2012-12-21
7323	20	1	0	20150.0	10	181	0	0.0	110	17105	35	0	1.00	430	200	UCIAMS-16535	2012-12-21
7324	20	1	0	20249.0	10	171	0	0.0	111	17050	80	0	1.00	430	200	NSRL-12278	2012-12-21
7325	20	1	0	20249.0	10	171	0	0.0	112	17160	35	0	1.00	430	200	UCIAMS-13799	2012-12-21
7326	20	1	0	20348.0	10	169	0	0.0	113	17360	35	0	1.00	430	200	UCIAMS-13804	2012-12-21
7327	20	1	0	20445.0	10	175	0	0.0	114	17420	25	0	1.00	430	200	UCIAMS-16941	2012-12-21
7328	20	1	0	20445.0	10	175	0	0.0	115	17600	90	0	1.00	430	200	NSRL-13076	2012-12-21
7329	20	1	0	20540.0	10	190	0	0.0	116	17445	35	0	1.00	430	200	UCIAMS-13805	2012-12-21
7330	20	1	0	20634.0	10	210	0	0.0	117	17730	40	0	1.00	430	200	UCIAMS-13072	2012-12-21
7331	20	1	0	20634.0	10	210	0	0.0	118	17790	35	0	1.00	430	200	UCIAMS-13027	2012-12-21
7332	20	1	0	20727.0	10	231	0	0.0	119	17630	60	0	1.00	430	200	CAMS-52124	2012-12-21
7333	20	1	0	20727.0	10	231	0	0.0	120	17770	50	0	1.00	430	200	CAMS-53790	2012-12-21
7334	20	1	0	20819.0	10	252	0	0.0	121	17780	35	0	1.00	430	200	UCIAMS-13029	2012-12-21
7335	20	1	0	20819.0	10	252	0	0.0	122	17855	45	0	1.00	430	200	UCIAMS-13073	2012-12-21
7336	20	1	0	20910.0	10	272	0	0.0	123	17690	35	0	1.00	430	200	UCIAMS-16536	2012-12-21
7337	20	1	0	20910.0	10	272	0	0.0	124	17755	35	0	1.00	430	200	UCIAMS-13806	2012-12-21
7338	20	1	0	21000.0	10	289	0	0.0	125	18010	40	0	1.00	430	200	UCIAMS-13074	2012-12-21
7339	20	1	0	21000.0	10	289	0	0.0	126	18060	35	0	1.00	430	200	UCIAMS-13030	2012-12-21
7340	20	1	0	21090.0	10	302	0	0.0	127	17910	30	0	1.00	430	200	UCIAMS-16537	2012-12-21
7341	20	1	0	21179.0	10	313	0	0.0	128	17850	110	0	1.00	430	200	NSRL-12279	2012-12-21
7342	20	1	0	21267.0	10	320	0	0.0	129	18040	35	0	1.00	430	200	UCIAMS-17574	2012-12-21
7343	20	1	0	21355.0	10	323	0	0.0	130	17960	90	0	1.00	430	200	UCIAMS-3443	2012-12-21
7344	20	1	0	21443.0	10	322	0	0.0	131	18150	40	0	1.00	430	200	UCIAMS-19506	2012-12-21
7345	20	1	0	21530.0	10	317	0	0.0	132	18270	40	0	1.00	430	200	UCIAMS-17579	2012-12-21
7346	20	1	0	21618.0	10	308	0	0.0	133	18250	80	0	1.00	430	200	CAMS-52125	2012-12-21
7347	20	1	0	21618.0	10	308	0	0.0	134	18380	50	0	1.00	430	200	CAMS-53791	2012-12-21
7348	20	1	0	21706.0	10	297	0	0.0	135	18405	35	0	1.00	430	200	UCIAMS-19507	2012-12-21
7349	20	1	0	21794.0	10	282	0	0.0	136	18560	80	0	1.00	430	200	UCIAMS-3444	2012-12-21
7350	20	1	0	21883.0	10	264	0	0.0	137	18680	40	0	1.00	430	200	UCIAMS-19508	2012-12-21
7351	20	1	0	21972.0	10	246	0	0.0	138	18860	45	0	1.00	430	200	UCIAMS-19509	2012-12-21
7352	20	1	0	22063.0	10	226	0	0.0	139	18850	100	0	1.00	430	200	NSRL-12280	2012-12-21
7353	20	1	0	22155.0	10	209	0	0.0	140	18630	40	0	1.00	430	200	UCIAMS-19510	2012-12-21
7354	20	1	0	22248.0	10	197	0	0.0	141	18680	60	0	1.00	430	200	UCIAMS-3445	2012-12-21
7355	20	1	0	22248.0	10	197	0	0.0	142	18790	40	0	1.00	430	200	UCIAMS-13807	2012-12-21
7356	20	1	0	22343.0	10	193	0	0.0	143	18960	40	0	1.00	430	200	UCIAMS-19511	2012-12-21
7357	20	1	0	22343.0	10	193	0	0.0	144	18890	40	0	1.00	430	200	UCIAMS-21423	2012-12-21
7358	20	1	0	22440.0	10	198	0	0.0	145	18735	35	0	1.00	430	200	UCIAMS-13808	2012-12-21
7359	20	1	0	22440.0	10	198	0	0.0	146	18690	40	0	1.00	430	200	UCIAMS-21424	2012-12-21
7360	20	1	0	22539.0	10	211	0	0.0	147	19150	45	0	1.00	430	200	UCIAMS-13809	2012-12-21
7361	20	1	0	22539.0	10	211	0	0.0	148	19250	50	0	1.00	430	200	CAMS-53792	2012-12-21
7362	20	1	0	22539.0	10	211	0	0.0	149	19130	40	0	1.00	430	200	UCIAMS-21425	2012-12-21
7363	20	1	0	22640.0	10	226	0	0.0	150	19450	100	0	1.00	430	200	NSRL-13137	2012-12-21
7364	20	1	0	22640.0	10	226	0	0.0	151	19225	40	0	1.00	430	200	UCIAMS-19512	2012-12-21
7365	20	1	0	22741.0	10	243	0	0.0	152	19295	35	0	1.00	430	200	UCIAMS-17580	2012-12-21
7366	20	1	0	22843.0	10	259	0	0.0	153	19550	110	0	1.00	430	200	NSRL-13138	2012-12-21
7367	20	1	0	22843.0	10	259	0	0.0	154	19480	40	0	1.00	430	200	UCIAMS-19513	2012-12-21
7368	20	1	0	22946.0	10	272	0	0.0	155	19360	40	0	1.00	430	200	UCIAMS-19514	2012-12-21
7369	20	1	0	23050.0	10	282	0	0.0	156	19600	90	0	1.00	430	200	NSRL-12281	2012-12-21
7370	20	1	0	23154.0	10	289	0	0.0	157	19695	40	0	1.00	430	200	UCIAMS-13810	2012-12-21
7371	20	1	0	23258.0	10	292	0	0.0	158	19350	40	0	1.00	430	200	UCIAMS-13075	2012-12-21
7372	20	1	0	23258.0	10	292	0	0.0	159	19410	45	0	1.00	430	200	UCIAMS-13031	2012-12-21
7373	20	1	0	23362.0	10	292	0	0.0	160	19945	45	0	1.00	430	200	UCIAMS-13811	2012-12-21
7374	20	1	0	23466.0	10	287	0	0.0	161	20100	95	0	1.00	430	200	NSRL-13140	2012-12-21
7375	20	1	0	23571.0	10	279	0	0.0	162	20160	60	0	1.00	430	200	CAMS-52127	2012-12-21
7376	20	1	0	23571.0	10	279	0	0.0	163	20250	60	0	1.00	430	200	CAMS-53793	2012-12-21
7377	20	1	0	23675.0	10	268	0	0.0	164	20400	130	0	1.00	430	200	NSRL-13141	2012-12-21
7378	20	1	0	23675.0	10	268	0	0.0	165	20200	50	0	1.00	430	200	UCIAMS-21426	2012-12-21
7379	20	1	0	23779.0	10	254	0	0.0	166	20210	35	0	1.00	430	200	UCIAMS-17566	2012-12-21
7380	20	1	0	23882.0	10	239	0	0.0	167	20200	95	0	1.00	430	200	NSRL-13142	2012-12-21
7381	20	1	0	23882.0	10	239	0	0.0	168	20310	50	0	1.00	430	200	UCIAMS-17567	2012-12-21
7382	20	1	0	23986.0	10	223	0	0.0	169	20720	40	0	1.00	430	200	UCIAMS-17568	2012-12-21
7383	20	1	0	23986.0	10	223	0	0.0	170	20635	35	0	1.00	430	200	UCIAMS-19519	2012-12-21
7384	20	1	0	24089.0	10	209	0	0.0	171	20600	100	0	1.00	430	200	NSRL-12282	2012-12-21
7385	20	1	0	24089.0	10	209	0	0.0	172	20630	40	0	1.00	430	200	UCIAMS-17569	2012-12-21
7386	20	1	0	24192.0	10	198	0	0.0	173	20445	35	0	1.00	430	200	UCIAMS-16538	2012-12-21
7387	20	1	0	24192.0	10	198	0	0.0	174	20440	60	0	1.00	430	200	UCIAMS-21427	2012-12-21
7388	20	1	0	24295.0	10	194	0	0.0	175	20670	35	0	1.00	430	200	UCIAMS-16947	2012-12-21
7389	20	1	0	24295.0	10	194	0	0.0	176	20800	95	0	1.00	430	200	NSRL-13080	2012-12-21
7390	20	1	0	24398.0	10	196	0	0.0	177	20695	45	0	1.00	430	200	UCIAMS-16539	2012-12-21
7391	20	1	0	24500.0	10	203	0	0.0	178	20765	35	0	1.00	430	200	UCIAMS-16948	2012-12-21
7392	20	1	0	24602.0	10	210	0	0.0	179	20910	60	0	1.00	430	200	CAMS-52754	2012-12-21
7393	20	1	0	24704.0	10	217	0	0.0	180	21005	40	0	1.00	430	200	UCIAMS-16949	2012-12-21
7394	20	1	0	24805.0	10	222	0	0.0	181	21020	45	0	1.00	430	200	UCIAMS-16543	2012-12-21
7395	20	1	0	24906.0	10	223	0	0.0	182	21225	40	0	1.00	430	200	UCIAMS-19520	2012-12-21
7396	20	1	0	24906.0	10	223	0	0.0	183	21140	70	0	1.00	430	200	UCIAMS-21431	2012-12-21
7397	20	1	0	25007.0	10	221	0	0.0	184	21125	50	0	1.00	430	200	UCIAMS-16545	2012-12-21
7398	20	1	0	25007.0	10	221	0	0.0	185	21370	80	0	1.00	430	200	UCIAMS-21432	2012-12-21
7399	20	1	0	25107.0	10	215	0	0.0	186	21510	100	0	1.00	430	200	NSRL-12283	2012-12-21
7400	20	1	0	25107.0	10	215	0	0.0	187	21620	60	0	1.00	430	200	UCIAMS-21433	2012-12-21
7401	20	1	0	25206.0	10	206	0	0.0	188	21770	50	0	1.00	430	200	UCIAMS-16546	2012-12-21
7402	20	1	0	25206.0	10	206	0	0.0	189	21590	40	0	1.00	430	200	UCIAMS-19521	2012-12-21
7403	20	1	0	25206.0	10	206	0	0.0	190	21590	60	0	1.00	430	200	UCIAMS-21434	2012-12-21
7404	20	1	0	25305.0	10	195	0	0.0	191	21625	40	0	1.00	430	200	UCIAMS-19522	2012-12-21
7405	20	1	0	25305.0	10	195	0	0.0	192	21675	50	0	1.00	430	200	UCIAMS-21435	2012-12-21
7406	20	1	0	25404.0	10	182	0	0.0	193	21595	40	0	1.00	430	200	UCIAMS-16951	2012-12-21
7407	20	1	0	25404.0	10	182	0	0.0	194	21700	120	0	1.00	430	200	NSRL-13084	2012-12-21
7408	20	1	0	25502.0	10	172	0	0.0	195	21750	50	0	1.00	430	200	UCIAMS-16548	2012-12-21
7409	20	1	0	25600.0	10	166	0	0.0	196	21890	70	0	1.00	430	200	CAMS-52755	2012-12-21
7410	20	1	0	25698.0	10	169	0	0.0	197	21935	40	0	1.00	430	200	UCIAMS-16952	2012-12-21
7411	20	1	0	25795.0	10	180	0	0.0	198	21925	45	0	1.00	430	200	UCIAMS-19523	2012-12-21
7412	20	1	0	25795.0	10	180	0	0.0	199	21880	60	0	1.00	430	200	UCIAMS-21436	2012-12-21
7413	20	1	0	25892.0	10	196	0	0.0	200	22180	40	0	1.00	430	200	UCIAMS-16953	2012-12-21
7414	20	1	0	25989.0	10	213	0	0.0	201	22145	45	0	1.00	430	200	UCIAMS-17570	2012-12-21
7415	20	1	0	26085.0	10	229	0	0.0	202	22670	120	0	1.00	430	200	NSRL-12284	2012-12-21
7416	20	1	0	26085.0	10	229	0	0.0	203	22650	45	0	1.00	430	200	UCIAMS-19524	2012-12-21
7417	20	1	0	26180.0	10	243	0	0.0	204	22525	40	0	1.00	430	200	UCIAMS-16954	2012-12-21
7418	20	1	0	26274.0	10	254	0	0.0	205	22440	120	0	1.00	430	200	UCIAMS-3449	2012-12-21
7419	20	1	0	26274.0	10	254	0	0.0	206	22600	45	0	1.00	430	200	UCIAMS-19525	2012-12-21
7420	20	1	0	26368.0	10	261	0	0.0	207	22360	40	0	1.00	430	200	UCIAMS-17571	2012-12-21
7421	20	1	0	26368.0	10	261	0	0.0	208	22535	45	0	1.00	430	200	UCIAMS-19526	2012-12-21
7422	20	1	0	26460.0	10	264	0	0.0	209	22760	50	0	1.00	430	200	UCIAMS-16959	2012-12-21
7423	20	1	0	26551.0	10	263	0	0.0	210	22760	160	0	1.00	430	200	CAMS-52756	2012-12-21
7424	20	1	0	26551.0	10	263	0	0.0	211	22765	50	0	1.00	430	200	UCIAMS-19527	2012-12-21
7425	20	1	0	26641.0	10	258	0	0.0	212	23230	50	0	1.00	430	200	UCIAMS-16960	2012-12-21
7426	20	1	0	26641.0	10	258	0	0.0	213	23175	45	0	1.00	430	200	UCIAMS-19531	2012-12-21
7427	20	1	0	26731.0	10	249	0	0.0	214	22880	160	0	1.00	430	200	UCIAMS-3450	2012-12-21
7428	20	1	0	26731.0	10	249	0	0.0	215	23050	50	0	1.00	430	200	UCIAMS-19532	2012-12-21
7429	20	1	0	26818.0	10	237	0	0.0	216	22875	40	0	1.00	430	200	UCIAMS-16961	2012-12-21
7430	20	1	0	26905.0	10	222	0	0.0	217	22890	45	0	1.00	430	200	UCIAMS-17572	2012-12-21
7431	20	1	0	26991.0	10	205	0	0.0	218	22945	50	0	1.00	430	200	UCIAMS-19533	2012-12-21
7432	20	1	0	26991.0	10	205	0	0.0	219	23070	70	0	1.00	430	200	UCIAMS-21437	2012-12-21
7433	20	1	0	27076.0	10	187	0	0.0	220	22960	50	0	1.00	430	200	UCIAMS-19534	2012-12-21
7434	20	1	0	27159.0	10	171	0	0.0	221	23410	120	0	1.00	430	200	UCIAMS-3558	2012-12-21
7435	20	1	0	27159.0	10	171	0	0.0	222	23940	350	0	1.00	430	200	UCIAMS-3451	2012-12-21
7436	20	1	0	27159.0	10	171	0	0.0	223	23795	50	0	1.00	430	200	UCIAMS-19535	2012-12-21
7437	20	1	0	27242.0	10	159	0	0.0	224	23230	70	0	1.00	430	200	UCIAMS-16962	2012-12-21
7438	20	1	0	27242.0	10	159	0	0.0	225	23130	60	0	1.00	430	200	UCIAMS-21438	2012-12-21
7439	20	1	0	27324.0	10	153	0	0.0	226	23430	50	0	1.00	430	200	UCIAMS-17573	2012-12-21
7440	20	1	0	27357.0	10	152	0	0.0	227	23800	150	0	1.00	430	200	NSRL-13108	2012-12-21
7441	20	1	0	27406.0	10	150	0	0.0	228	23750	70	0	1.00	430	200	CAMS-52757	2012-12-21
7442	20	1	0	27487.0	10	149	0	0.0	229	24100	120	0	1.00	430	200	NSRL-13109	2012-12-21
7443	20	1	0	27487.0	10	149	0	0.0	230	23770	80	0	1.00	430	200	UCIAMS-21439	2012-12-21
7444	20	1	0	27568.0	10	146	0	0.0	231	23640	60	0	1.00	430	200	UCIAMS-21443	2012-12-21
7445	20	1	0	27634.0	10	142	0	0.0	232	24400	170	0	1.00	430	200	NSRL-13110	2012-12-21
7446	20	1	0	27650.0	10	141	0	0.0	233	23550	70	0	1.00	430	200	UCIAMS-21444	2012-12-21
7447	20	1	0	27733.0	10	133	0	0.0	234	24560	70	0	1.00	430	200	UCIAMS-21445	2012-12-21
7448	20	1	0	27767.0	10	130	0	0.0	235	24500	190	0	1.00	430	200	NSRL-13111	2012-12-21
7449	20	1	0	27818.0	10	125	0	0.0	236	24300	140	0	1.00	430	200	NSRL-12286	2012-12-21
7450	20	1	0	27904.0	10	120	0	0.0	237	24580	60	0	1.00	430	200	UCIAMS-21446	2012-12-21
7451	20	1	0	27975.0	10	119	0	0.0	238	24400	140	0	1.00	430	200	NSRL-13112	2012-12-21
7452	20	1	0	27993.0	10	120	0	0.0	239	24440	90	0	1.00	430	200	UCIAMS-21447	2012-12-21
7453	20	1	0	28085.0	10	126	0	0.0	240	24580	60	0	1.00	430	200	UCIAMS-21448	2012-12-21
7454	20	1	0	28179.0	10	134	0	0.0	241	24700	150	0	1.00	430	200	NSRL-13113	2012-12-21
7455	20	1	0	28179.0	10	134	0	0.0	242	24490	100	0	1.00	430	200	UCIAMS-21449	2012-12-21
7456	20	1	0	28274.0	10	141	0	0.0	243	24560	80	0	1.00	430	200	CAMS-52758	2012-12-21
7457	20	1	0	28294.0	10	142	0	0.0	244	24600	130	0	1.00	430	200	NSRL-13114	2012-12-21
7458	20	1	0	28371.0	10	145	0	0.0	245	24490	70	0	1.00	430	200	CAMS-56891	2012-12-21
7459	20	1	0	28469.0	10	146	0	0.0	246	24830	60	0	1.00	430	200	CAMS-59627	2012-12-21
7460	20	1	0	28568.0	10	143	0	0.0	247	25100	140	0	1.00	430	200	NSRL-13115	2012-12-21
7461	20	1	0	28568.0	10	143	0	0.0	248	24775	50	0	1.00	430	200	UCIAMS-16549	2012-12-21
7462	20	1	0	28668.0	10	139	0	0.0	249	24840	60	0	1.00	430	200	CAMS-59628	2012-12-21
7463	20	1	0	28748.0	10	134	0	0.0	250	25600	130	0	1.00	430	200	NSRL-13116	2012-12-21
7464	20	1	0	28748.0	10	134	0	0.0	251	25370	60	0	1.00	430	200	UCIAMS-21705	2012-12-21
7465	20	1	0	28865.0	10	128	0	0.0	252	25480	140	0	1.00	430	200	CAMS-59629	2012-12-21
7466	20	1	0	28922.0	10	125	0	0.0	253	25550	120	0	1.00	430	200	NSRL-13117	2012-12-21
7467	20	1	0	29046.0	10	123	0	0.0	254	25460	140	0	1.00	430	200	CAMS-59630	2012-12-21
7468	20	1	0	29078.0	10	124	0	0.0	255	25750	100	0	1.00	430	200	NSRL-13118	2012-12-21
7469	20	1	0	29124.0	10	128	0	0.0	256	25520	150	0	1.00	430	200	CAMS-56894	2012-12-21
7470	20	1	0	29191.0	10	143	0	0.0	257	26010	210	0	1.00	430	200	CAMS-52759	2012-12-21
7471	20	1	0	29227.0	10	153	0	0.0	258	26400	140	0	1.00	430	200	NSRL-13119	2012-12-21
7472	20	1	0	29249.0	10	161	0	0.0	259	26000	170	0	1.00	430	200	CAMS-59631	2012-12-21
7473	20	1	0	29346.0	10	200	0	0.0	260	26400	180	0	1.00	430	200	NSRL-13120	2012-12-21
7474	20	1	0	29346.0	10	200	0	0.0	261	26320	180	0	1.00	430	200	CAMS-59632	2012-12-21
7475	20	1	0	29390.0	10	216	0	0.0	262	26600	180	0	1.00	430	200	CAMS-56896	2012-12-21
7476	20	1	0	29443.0	10	230	0	0.0	263	26300	140	0	1.00	430	200	NSRL-13121	2012-12-21
7477	20	1	0	29555.0	10	240	0	0.0	264	26300	180	0	1.00	430	200	NSRL-13122	2012-12-21
7478	20	1	0	29591.0	10	239	0	0.0	265	26150	160	0	1.00	430	200	CAMS-56898	2012-12-21
7479	20	1	0	29691.0	10	231	0	0.0	266	26670	80	0	1.00	430	200	UCIAMS-21706	2012-12-21
7480	20	1	0	29707.0	10	229	0	0.0	267	26370	90	0	1.00	430	200	CAMS-52760	2012-12-21
7481	20	1	0	29724.0	10	227	0	0.0	268	26400	140	0	1.00	430	200	NSRL-13124	2012-12-21
7482	20	1	0	29798.0	10	218	0	0.0	269	26360	180	0	1.00	430	200	CAMS-56899	2012-12-21
7483	20	1	0	29862.0	10	209	0	0.0	270	26900	150	0	1.00	430	200	NSRL-13125	2012-12-21
7484	20	1	0	29908.0	10	203	0	0.0	271	26730	170	0	1.00	430	200	CAMS-59636	2012-12-21
7485	20	1	0	29932.0	10	200	0	0.0	272	26800	170	0	1.00	430	200	NSRL-13126	2012-12-21
7486	20	1	0	29984.0	10	193	0	0.0	273	27370	70	0	1.00	430	200	UCIAMS-21707	2012-12-21
7487	20	1	0	30039.0	10	187	0	0.0	274	27600	210	0	1.00	430	200	NSRL-13127	2012-12-21
7488	20	1	0	30098.0	10	180	0	0.0	275	27340	110	0	1.00	430	200	UCIAMS-21708	2012-12-21
7489	20	1	0	30162.0	10	174	0	0.0	276	27500	230	0	1.00	430	200	NSRL-13128	2012-12-21
7490	20	1	0	30230.0	10	168	0	0.0	277	28240	210	0	1.00	430	200	UCIAMS-3461	2012-12-21
7491	20	1	0	30230.0	10	168	0	0.0	278	27950	80	0	1.00	430	200	UCIAMS-21709	2012-12-21
7492	20	1	0	30342.0	10	161	0	0.0	279	28300	230	0	1.00	430	200	NSRL-13129	2012-12-21
7493	20	1	0	30342.0	10	161	0	0.0	280	28140	80	0	1.00	430	200	UCIAMS-21710	2012-12-21
7494	20	1	0	30466.0	10	157	0	0.0	281	28200	180	0	1.00	430	200	UCIAMS-3560	2012-12-21
7495	20	1	0	30466.0	10	157	0	0.0	282	28320	80	0	1.00	430	200	UCIAMS-21711	2012-12-21
7496	20	1	0	30555.0	10	156	0	0.0	283	28400	180	0	1.00	430	200	NSRL-13130	2012-12-21
7497	20	1	0	30649.0	10	156	0	0.0	284	28700	210	0	1.00	430	200	UCIAMS-3463	2012-12-21
7498	20	1	0	30698.0	10	157	0	0.0	285	28600	190	0	1.00	430	200	NSRL-13131	2012-12-21
7499	20	1	0	30956.0	10	163	0	0.0	286	28480	230	0	1.00	430	200	UCIAMS-3464	2012-12-21
7500	20	1	0	31233.0	10	172	0	0.0	287	28400	180	0	1.00	430	200	NSRL-13132	2012-12-21
7501	20	1	0	31464.0	10	178	0	0.0	288	28500	270	0	1.00	430	200	CAMS-56903	2012-12-21
7502	20	1	0	31580.0	10	180	0	0.0	289	29010	140	0	1.00	430	200	UCIAMS-2545	2012-12-21
7503	20	1	0	31698.0	10	181	0	0.0	290	27900	220	0	1.00	430	200	NSRL-13133	2012-12-21
7504	20	1	0	31757.0	10	181	0	0.0	291	28950	110	0	1.00	430	200	CAMS-52761	2012-12-21
7505	20	1	0	31815.0	10	180	0	0.0	292	28710	130	0	1.00	430	200	UCIAMS-2546	2012-12-21
7506	20	1	0	31991.0	10	177	0	0.0	293	28700	160	0	1.00	430	200	NSRL-13134	2012-12-21
7507	20	1	0	31991.0	10	177	0	0.0	294	29070	160	0	1.00	430	200	CAMS-59640	2012-12-21
7508	20	1	0	32278.0	10	168	0	0.0	295	29070	110	0	1.00	430	200	CAMS-56904	2012-12-21
7509	20	1	0	32335.0	10	167	0	0.0	296	28900	170	0	1.00	430	200	NSRL-13135	2012-12-21
7510	20	1	0	32557.0	10	160	0	0.0	297	28990	80	0	1.00	430	200	CAMS-59641	2012-12-21
7511	20	1	0	32770.0	10	158	0	0.0	298	29000	230	0	1.00	430	200	NSRL-13136	2012-12-21
7512	20	1	0	32822.0	10	159	0	0.0	299	29280	110	0	1.00	430	200	CAMS-56905	2012-12-21
7513	20	1	0	33023.0	10	163	0	0.0	300	29390	80	0	1.00	430	200	CAMS-59642	2012-12-21
7514	20	1	0	33262.0	10	175	0	0.0	301	29590	240	0	1.00	430	200	CAMS-56906	2012-12-21
7515	20	1	0	33483.0	10	191	0	0.0	302	29410	110	0	1.00	430	200	CAMS-59643	2012-12-21
7516	20	1	0	33687.0	10	210	0	0.0	303	29680	110	0	1.00	430	200	CAMS-56907	2012-12-21
7517	20	1	0	33836.0	10	225	0	0.0	304	29690	170	0	1.00	430	200	CAMS-59644	2012-12-21
7518	20	1	0	34002.0	10	239	0	0.0	305	29450	120	0	1.00	430	200	CAMS-52762	2012-12-21
7519	20	1	0	34002.0	10	239	0	0.0	306	29490	90	0	1.00	430	200	UCIAMS-21712	2012-12-21
7520	20	1	0	34269.0	10	249	0	0.0	307	29940	150	0	1.00	430	200	UCIAMS-2525	2012-12-21
7521	20	1	0	34357.0	10	253	0	0.0	308	30030	160	0	1.00	430	200	UCIAMS-2526	2012-12-21
7522	20	1	0	34550.0	10	273	0	0.0	309	30030	210	0	1.00	430	200	NSRL-12287	2012-12-21
7523	20	1	0	34709.0	10	296	0	0.0	310	30530	170	0	1.00	430	200	UCIAMS-2527	2012-12-21
7524	20	1	0	34883.0	10	306	0	0.0	311	30800	170	0	1.00	430	200	UCIAMS-2528	2012-12-21
7525	20	1	0	34968.0	10	305	0	0.0	312	30900	320	0	1.00	430	200	CAMS-53794	2012-12-21
7526	20	1	0	35118.0	10	298	0	0.0	313	30990	100	0	1.00	430	200	UCIAMS-21717	2012-12-21
7527	20	1	0	35199.0	10	292	0	0.0	314	30460	170	0	1.00	430	200	UCIAMS-2531	2012-12-21
7528	20	1	0	35199.0	10	292	0	0.0	315	31190	290	0	1.00	430	200	UCIAMS-21718	2012-12-21
7529	20	1	0	35352.0	10	285	0	0.0	316	31750	250	0	1.00	430	200	NSRL-12288	2012-12-21
7530	20	1	0	35479.0	10	287	0	0.0	317	31580	180	0	1.00	430	200	UCIAMS-2532	2012-12-21
7531	20	1	0	35649.0	10	302	0	0.0	318	31440	140	0	1.00	430	200	CAMS-52763	2012-12-21
7532	20	1	0	35806.0	10	313	0	0.0	319	31750	180	0	1.00	430	200	UCIAMS-2533	2012-12-21
7533	20	1	0	35897.0	10	309	0	0.0	320	31880	260	0	1.00	430	200	NSRL-12289	2012-12-21
7534	20	1	0	36005.0	10	295	0	0.0	321	32090	240	0	1.00	430	200	UCIAMS-2534	2012-12-21
7535	20	1	0	36113.0	10	275	0	0.0	322	32330	200	0	1.00	430	200	UCIAMS-2537	2012-12-21
7536	20	1	0	36180.0	10	262	0	0.0	323	31310	290	0	1.00	430	200	CAMS-53795	2012-12-21
7537	20	1	0	36254.0	10	249	0	0.0	324	32530	210	0	1.00	430	200	UCIAMS-2538	2012-12-21
7538	20	1	0	36409.0	10	227	0	0.0	325	32560	220	0	1.00	430	200	UCIAMS-2539	2012-12-21
7539	20	1	0	36509.0	10	219	0	0.0	326	32730	120	0	1.00	430	200	UCIAMS-21720	2012-12-21
7540	20	1	0	36621.0	10	216	0	0.0	327	32640	280	0	1.00	430	200	NSRL-12290	2012-12-21
7541	20	1	0	36719.0	10	217	0	0.0	328	33140	310	0	1.00	430	200	UCIAMS-3452	2012-12-21
7542	20	1	0	36851.0	10	220	0	0.0	329	32900	360	0	1.00	430	200	UCIAMS-21721	2012-12-21
7543	20	1	0	36990.0	10	224	0	0.0	330	33260	220	0	1.00	430	200	UCIAMS-2540	2012-12-21
7544	20	1	0	37136.0	10	227	0	0.0	331	33310	130	0	1.00	430	200	UCIAMS-21722	2012-12-21
7545	20	1	0	37255.0	10	228	0	0.0	332	33020	170	0	1.00	430	200	CAMS-52764	2012-12-21
7546	20	1	0	37558.0	10	223	0	0.0	333	33260	220	0	1.00	430	200	UCIAMS-21723	2012-12-21
7547	20	1	0	37709.0	10	217	0	0.0	334	33360	240	0	1.00	430	200	UCIAMS-2543	2012-12-21
7548	20	1	0	37974.0	10	202	0	0.0	335	33700	280	0	1.00	430	200	NSRL-12291	2012-12-21
7549	20	1	0	38113.0	10	194	0	0.0	336	33260	320	0	1.00	430	200	UCIAMS-3456	2012-12-21
7550	20	1	0	38367.0	10	189	0	0.0	337	33810	240	0	1.00	430	200	UCIAMS-2544	2012-12-21
7551	20	1	0	38562.0	10	205	0	0.0	338	33920	180	0	1.00	430	200	CAMS-52765	2012-12-21
7552	20	1	0	38752.0	10	231	0	0.0	339	33790	150	0	1.00	430	200	UCIAMS-17581	2012-12-21
7553	20	1	0	38752.0	10	231	0	0.0	340	34400	370	0	1.00	430	200	NSRL-13085	2012-12-21
7554	20	1	0	38822.0	10	242	0	0.0	341	33710	440	0	1.00	430	200	UCIAMS-3457	2012-12-21
7555	20	1	0	38822.0	10	242	0	0.0	342	33910	250	0	1.00	430	200	UCIAMS-3559	2012-12-21
7556	20	1	0	38990.0	10	264	0	0.0	343	34100	300	0	1.00	430	200	NSRL-12292	2012-12-21
7557	20	1	0	39072.0	10	272	0	0.0	344	34340	420	0	1.00	430	200	UCIAMS-3458	2012-12-21
7558	20	1	0	39223.0	10	282	0	0.0	345	35010	330	0	1.00	430	200	NSRL-12293	2012-12-21
7559	20	1	0	39223.0	10	282	0	0.0	346	34520	150	0	1.00	430	200	UCIAMS-21724	2012-12-21
7560	20	1	0	39402.0	10	287	0	0.0	347	34620	220	0	1.00	430	200	CAMS-52766	2012-12-21
7561	20	1	0	39584.0	10	293	0	0.0	348	34640	320	0	1.00	430	200	NSRL-12294	2012-12-21
7562	20	1	0	39938.0	10	312	0	0.0	349	35100	390	0	1.00	430	200	NSRL-12295	2012-12-21
7563	20	1	0	40040.0	10	318	0	0.0	350	35090	150	0	1.00	430	200	UCIAMS-16550	2012-12-21
7564	20	1	0	40310.0	10	333	0	0.0	351	36000	380	0	1.00	430	200	NSRL-12296	2012-12-21
7565	20	1	0	40310.0	10	333	0	0.0	352	34680	150	0	1.00	430	200	UCIAMS-21728	2012-12-21
7566	20	1	0	40449.0	10	339	0	0.0	353	35020	150	0	1.00	430	200	UCIAMS-21729	2012-12-21
7567	20	1	0	40563.0	10	343	0	0.0	354	35300	210	0	1.00	430	200	CAMS-52767	2012-12-21
7568	20	1	0	40853.0	10	347	0	0.0	355	35800	370	0	1.00	430	200	NSRL-12297	2012-12-21
7569	20	1	0	41147.0	10	340	0	0.0	356	35880	160	0	1.00	430	200	UCIAMS-21730	2012-12-21
7570	20	1	0	41266.0	10	332	0	0.0	357	36400	400	0	1.00	430	200	NSRL-12298	2012-12-21
7571	20	1	0	41413.0	10	319	0	0.0	358	36430	320	0	1.00	430	200	UCIAMS-21731	2012-12-21
7572	20	1	0	41678.0	10	283	0	0.0	359	37100	500	0	1.00	430	200	NSRL-12299	2012-12-21
7573	20	1	0	41966.0	10	233	0	0.0	360	36810	260	0	1.00	430	200	CAMS-52768	2012-12-21
7574	20	1	0	42216.0	10	195	0	0.0	361	37240	190	0	1.00	430	200	UCIAMS-17582	2012-12-21
7575	20	1	0	42216.0	10	195	0	0.0	362	37660	490	0	1.00	430	200	NSRL-13086	2012-12-21
7576	20	1	0	42476.0	10	185	0	0.0	363	37960	290	0	1.00	430	200	UCIAMS-16551	2012-12-21
7577	20	1	0	42598.0	10	191	0	0.0	364	38200	430	0	1.00	430	200	NSRL-12300	2012-12-21
7578	20	1	0	42691.0	10	198	0	0.0	365	38450	220	0	1.00	430	200	UCIAMS-16552	2012-12-21
7579	20	1	0	42802.0	10	207	0	0.0	366	38010	390	0	1.00	430	200	UCIAMS-21732	2012-12-21
7580	20	1	0	42908.0	10	213	0	0.0	367	39200	520	0	1.00	430	200	NSRL-13087	2012-12-21
7581	20	1	0	43088.0	10	215	0	0.0	368	38920	350	0	1.00	430	200	CAMS-52769	2012-12-21
7582	20	1	0	43275.0	10	202	0	0.0	369	39460	460	0	1.00	430	200	UCIAMS-21733	2012-12-21
7583	20	1	0	43516.0	10	173	0	0.0	370	40700	680	0	1.00	430	200	NSRL-12301	2012-12-21
7584	20	1	0	43888.0	10	192	0	0.0	371	40490	450	0	1.00	430	200	CAMS-53796	2012-12-21
7585	20	1	0	44250.0	10	206	0	0.0	372	41400	640	0	1.00	430	200	NSRL-12302	2012-12-21
7586	20	1	0	44660.0	10	169	0	0.0	373	41480	510	0	1.00	430	200	CAMS-53797	2012-12-21
7587	20	1	0	45151.0	10	237	0	0.0	374	41650	650	0	1.00	430	200	NSRL-12303	2012-12-21
7588	20	1	0	45742.0	10	299	0	0.0	375	44110	700	0	1.00	430	200	CAMS-53798	2012-12-21
7589	20	1	0	46381.0	10	277	0	0.0	376	44200	910	0	1.00	430	200	NSRL-12304	2012-12-21
7590	20	1	0	47048.0	10	193	0	0.0	377	44640	740	0	1.00	430	200	CAMS-53799	2012-12-21
7591	20	1	0	47734.0	10	210	0	0.0	378	45700	1100	0	1.00	430	200	NSRL-12305	2012-12-21
7592	20	1	0	48393.0	10	261	0	0.0	379	46340	920	0	1.00	430	200	CAMS-53800	2012-12-21
7593	20	1	0	49051.0	10	244	0	0.0	380	46900	1270	0	1.00	430	200	NSRL-12306	2012-12-21
7594	20	1	0	49634.0	10	255	0	0.0	381	47500	1100	0	1.00	430	200	CAMS-53801	2012-12-21
